,シーズン,大会,節,試合日,K/O時刻,ホーム,スコア,アウェイ,スタジアム,入場者数,インターネット中継・TV放送,match_card_id
0,2026/27,ルヴァンカップ 1stラウンド,１回戦第１日,26/09/02(水),18:33,八戸,0-2,栃木Ｃ,プラスタ,923.0,マッチＮｏ［１］／フジテレビＴＷＯ／スカパー！（録）／ＦＯＤ／スカパー！動画ストア,33705
1,2026/27,ルヴァンカップ 1stラウンド,１回戦第１日,26/09/02(水),18:33,相模原,0-3,磐田,ギオンス,2297.0,マッチＮｏ［１３］／フジテレビＮＥＸＴ／スカパー！（録）／ＦＯＤ／スカパー！動画ストア,33714
2,2026/27,ルヴァンカップ 1stラウンド,１回戦第１日,26/09/02(水),19:03,FC大阪,3-0,甲府,たけびし,627.0,マッチＮｏ［１４］／スカパー！（録）／スカパー！動画ストア,33715
3,2026/27,ルヴァンカップ 1stラウンド,１回戦第１日,26/09/02(水),19:03,宮崎,1-2,富山,いちご,1181.0,マッチＮｏ［６］／スカパー！（録）／ＦＯＤ／スカパー！動画ストア,33708
4,2026/27,ルヴァンカップ 1stラウンド,１回戦第１日,26/09/02(水),19:03,熊本,2-0,大分,えがおＳ,2436.0,マッチＮｏ［１１］／スカパー！／スカパー！動画ストア,33713
5,2026/27,ルヴァンカップ 1stラウンド,１回戦第１日,26/09/02(水),19:03,琉球,2-3,横浜FC,沖縄県陸,842.0,マッチＮｏ［７］／スカパー！／スカパー！動画ストア,33709
6,2026/27,ルヴァンカップ 1stラウンド,１回戦第１日,26/09/02(水),19:03,山口,0-2,藤枝,みらスタ,2308.0,マッチＮｏ［１７］／スカパー！／スカパー！動画ストア,33717
7,2026/27,ルヴァンカップ 1stラウンド,１回戦第１日,26/09/02(水),19:03,奈良,1-2,鳥栖,ロートＦ,822.0,マッチＮｏ［１６］／スカパー！／スカパー！動画ストア,33716
8,2026/27,ルヴァンカップ 1stラウンド,１回戦第１日,26/09/02(水),19:03,北九州,1-0,いわき,ミクスタ,1989.0,マッチＮｏ［１０］／スカパー！（録）／スカパー！動画ストア,33712
9,2026/27,ルヴァンカップ 1stラウンド,１回戦第１日,26/09/02(水),19:03,群馬,1-2,新潟,正田スタ,1874.0,マッチＮｏ［３］／スカパー！／スカパー！動画ストア,33706
10,2026/27,ルヴァンカップ 1stラウンド,１回戦第１日,26/09/02(水),19:03,鹿児島,0-1,札幌,白波スタ,3713.0,マッチＮｏ［９］／スカパー！／スカパー！動画ストア,33711
11,2026/27,ルヴァンカップ 1stラウンド,１回戦第１日,26/09/02(水),19:03,岐阜,0-0 (PK3-1),徳島,ヒマスタ,1607.0,マッチＮｏ［８］／スカパー！（録）／スカパー！動画ストア,33710
12,2026/27,ルヴァンカップ 1stラウンド,１回戦第１日,26/09/02(水),19:03,愛媛,1-0,秋田,ニンスタ,2060.0,マッチＮｏ［２０］／スカパー！（録）／スカパー！動画ストア,33719
13,2026/27,ルヴァンカップ 1stラウンド,１回戦第１日,26/09/02(水),19:03,金沢,2-1,今治,石川西部,1481.0,マッチＮｏ［４］／スカパー！（録）／スカパー！動画ストア,33707
14,2026/27,ルヴァンカップ 1stラウンド,１回戦第１日,26/09/02(水),19:04,鳥取,3-1,大宮,Ａｘｉｓ,1241.0,マッチＮｏ［１９］／スカパー！（録）／スカパー！動画ストア,33718
15,2026/27,ルヴァンカップ 1stラウンド,１回戦第２日,26/09/09(水),18:33,滋賀,0-1,東京Ｖ,ハトスタ,2885.0,マッチＮｏ［１５］／スカパー！／スカパー！動画ストア,33723
16,2026/27,ルヴァンカップ 1stラウンド,１回戦第２日,26/09/09(水),19:03,栃木SC,0-1,山形,カンセキ,1696.0,マッチＮｏ［５］／フジテレビＮＥＸＴ／スカパー！（録）／ＦＯＤ／スカパー！動画ストア,33721
17,2026/27,ルヴァンカップ 1stラウンド,１回戦第２日,26/09/09(水),19:03,高知,0-1,長崎,ギケンス,1358.0,マッチＮｏ［１８］／スカパー！／スカパー！動画ストア,33724
18,2026/27,ルヴァンカップ 1stラウンド,１回戦第２日,26/09/09(水),19:03,福島,4-3,仙台,とうスタ,2262.0,マッチＮｏ［２２］／スカパー！／スカパー！動画ストア,33726
19,2026/27,ルヴァンカップ 1stラウンド,１回戦第２日,26/09/09(水),19:03,長野,0-0 (PK1-4),水戸,長野Ｕ,1922.0,マッチＮｏ［２１］／フジテレビＴＷＯ／スカパー！／ＦＯＤ／スカパー！動画ストア,33725
20,2026/27,ルヴァンカップ 1stラウンド,１回戦第２日,26/09/09(水),19:03,讃岐,0-2,千葉,メグスタ,1134.0,マッチＮｏ［１２］／フジテレビＯＮＥ／スカパー！（録）／ＦＯＤ／スカパー！動画ストア,33722
21,2026/27,ルヴァンカップ 1stラウンド,１回戦第２日,26/09/09(水),19:03,松本,3-3 (PK4-3),湘南,サンアル,2282.0,マッチＮｏ［２］／スカパー！／スカパー！動画ストア,33720
22,2026/27,ルヴァンカップ 1stラウンド,２回戦第１日,26/09/29(火),19:03,福島,0-7,水戸,とうスタ,1011.0,マッチＮｏ［３８］／フジテレビＮＥＸＴ（録）／スカパー！（録）／スカパー！動画ストア,33742
23,2026/27,ルヴァンカップ 1stラウンド,２回戦第１日,26/09/29(火),19:03,松本,1-0,新潟,サンアル,3089.0,マッチＮｏ［２４］／フジテレビＮＥＸＴ（録）／スカパー！／スカパー！動画ストア,33728
24,2026/27,ルヴァンカップ 1stラウンド,２回戦第１日,26/09/29(火),19:03,磐田,4-2,千葉,ヤマハ,2892.0,マッチＮｏ［３２］／フジテレビＮＥＸＴ（録）／スカパー！（録）／スカパー！動画ストア,33736
25,2026/27,ルヴァンカップ 1stラウンド,２回戦第１日,26/09/29(火),19:03,熊本,0-1,川崎Ｆ,えがおＳ,6682.0,マッチＮｏ［３１］／フジテレビＮＥＸＴ（録）／スカパー！／スカパー！動画ストア,33735
26,2026/27,ルヴァンカップ 1stラウンド,２回戦第１日,26/09/29(火),19:03,FC大阪,1-2,福岡,みらスタ,1002.0,マッチＮｏ［３３］／フジテレビＮＥＸＴ（録）／スカパー！（録）／スカパー！動画ストア,33737
27,2026/27,ルヴァンカップ 1stラウンド,２回戦第１日,26/09/29(火),19:03,栃木Ｃ,0-2,広島,ＣＦＳ,2260.0,マッチＮｏ［２３］／フジテレビＮＥＸＴ（録）／スカパー！／スカパー！動画ストア,33727
28,2026/27,ルヴァンカップ 1stラウンド,２回戦第１日,26/09/29(火),19:03,富山,2-3,浦和,富山,8209.0,マッチＮｏ［２７］／フジテレビＯＮＥ／スカパー！（録）／ＦＯＤ／フジテレビＯＮＥｓｍａｒｔ／スカパー！動画ストア,33731
29,2026/27,ルヴァンカップ 1stラウンド,２回戦第１日,26/09/29(火),19:03,鳥取,2-0,長崎,Ａｘｉｓ,1255.0,マッチＮｏ［３６］／フジテレビＮＥＸＴ（録）／スカパー！（録）／スカパー！動画ストア,33740
30,2026/27,ルヴァンカップ 1stラウンド,２回戦第１日,26/09/29(火),19:03,鳥栖,2-1,東京Ｖ,駅スタ,2658.0,マッチＮｏ［３４］／フジテレビＮＥＸＴ（録）／スカパー！（録）／スカパー！動画ストア,33738
31,2026/27,ルヴァンカップ 1stラウンド,２回戦第１日,26/09/29(火),19:03,札幌,1-2,岡山,プレド,4138.0,マッチＮｏ［２９］／フジテレビＮＥＸＴ（録）／スカパー！（録）／スカパー！動画ストア,33733
32,2026/27,ルヴァンカップ 1stラウンド,２回戦第１日,26/09/29(火),19:03,北九州,1-3,名古屋,ミクスタ,3704.0,マッチＮｏ［３０］／フジテレビＮＥＸＴ（録）／スカパー！／スカパー！動画ストア,33734
33,2026/27,ルヴァンカップ 1stラウンド,２回戦第１日,26/09/29(火),19:03,愛媛,0-2,FC東京,ニンスタ,3529.0,マッチＮｏ［３７］／フジテレビＮＥＸＴ（録）／スカパー！（録）／ＦＯＤ／スカパー！動画ストア,33741
34,2026/27,ルヴァンカップ 1stラウンド,２回戦第１日,26/09/29(火),19:03,山形,1-2,横浜FM,ＮＤスタ,5065.0,マッチＮｏ［２６］／フジテレビＮＥＸＴ（録）／スカパー！／スカパー！動画ストア,33730
35,2026/27,ルヴァンカップ 1stラウンド,２回戦第１日,26/09/29(火),19:03,岐阜,1-2,横浜FC,ヒマスタ,1468.0,マッチＮｏ［２８］／フジテレビＮＥＸＴ（録）／スカパー！（録）／スカパー！動画ストア,33732
36,2026/27,ルヴァンカップ 1stラウンド,２回戦第１日,26/09/29(火),19:03,藤枝,1-2,Ｃ大阪,藤枝サ,2024.0,マッチＮｏ［３５］／フジテレビＮＥＸＴ／スカパー！（録）／ＦＯＤ／フジテレビＮＥＸＴｓｍａｒｔ／スカパー！動画ストア,33739
37,2026/27,ルヴァンカップ 1stラウンド,２回戦第１日,26/09/29(火),19:04,金沢,0-2,清水,ゴースタ,2851.0,マッチＮｏ［２５］／フジテレビＮＥＸＴ（録）／スカパー！／スカパー！動画ストア,33729
38,2026/27,ルヴァンカップ 1stラウンド,４回戦第１日,26/10/03(土),16:03,町田,0-0 (PK5-3),京都,Ｇスタ,4437.0,マッチＮｏ［５１］／フジテレビＮＥＸＴ（録）／スカパー！／スカパー！動画ストア,33751
39,2026/27,ルヴァンカップ 1stラウンド,４回戦第１日,26/10/03(土),19:03,柏,5-4,Ｇ大阪,三協Ｆ柏,10518.0,マッチＮｏ［５２］／フジテレビＴＷＯ／スカパー！／ＦＯＤ／フジテレビＴＷＯｓｍａｒｔ／スカパー！動画ストア,33752
40,2026/27,ルヴァンカップ 1stラウンド,３回戦第１日,26/10/14(水),18:30,横浜FC,vs,浦和,ニッパツ,,マッチＮｏ［４１］,
41,2026/27,ルヴァンカップ 1stラウンド,３回戦第１日,26/10/14(水),19:00,水戸,vs,FC東京,Ｋｓスタ,,マッチＮｏ［４６］,
42,2026/27,ルヴァンカップ 1stラウンド,３回戦第１日,26/10/14(水),19:00,横浜FM,vs,清水,日産ス,,マッチＮｏ［４０］,
43,2026/27,ルヴァンカップ 1stラウンド,３回戦第１日,26/10/14(水),19:00,松本,vs,広島,サンアル,,マッチＮｏ［３９］,
44,2026/27,ルヴァンカップ 1stラウンド,３回戦第１日,26/10/14(水),19:00,磐田,vs,川崎Ｆ,ヤマハ,,マッチＮｏ［４３］,
45,2026/27,ルヴァンカップ 1stラウンド,３回戦第１日,26/10/14(水),19:00,名古屋,vs,岡山,ヒマスタ,,マッチＮｏ［４２］,
46,2026/27,ルヴァンカップ 1stラウンド,３回戦第１日,26/10/14(水),19:00,鳥取,vs,Ｃ大阪,Ａｘｉｓ,,マッチＮｏ［４５］,
47,2026/27,ルヴァンカップ 1stラウンド,３回戦第１日,26/10/14(水),19:00,鳥栖,vs,福岡,駅スタ,,マッチＮｏ［４４］,
48,2026/27,ルヴァンカップ 1stラウンド,４回戦第２日,26/10/28(水),,[39]w,vs,[40]w,●未定●,,マッチＮｏ［４７］,
49,2026/27,ルヴァンカップ 1stラウンド,４回戦第２日,26/10/28(水),,[41]w,vs,[42]w,●未定●,,マッチＮｏ［４８］,
50,2026/27,ルヴァンカップ 1stラウンド,４回戦第２日,26/10/28(水),,[43]w,vs,[44]w,●未定●,,マッチＮｏ［４９］,
51,2026/27,ルヴァンカップ 1stラウンド,４回戦第２日,26/10/28(水),,[45]w,vs,[46]w,●未定●,,マッチＮｏ［５０］,
