,match_date,section_no,start_time,stadium,home_team,away_team,status,match_number,round,home_goal,away_goal,home_pk_score,away_pk_score,match_index_in_section,home_score_ex,away_score_ex,group
0,2026/08/19,-7,18:30,三交鈴鹿,アトレチコ鈴鹿,FC BASARA HYOGO,試合終了,1,１回戦,1,1,3,1,1,0,0,
1,2026/08/19,-7,19:00,Ａｘｉｓ,鳥取,熊本,試合終了,2,１回戦,2,2,6,5,2,1,1,
2,2026/08/19,-7,19:00,ユアスタ,東北学院大学,群馬,試合終了,3,１回戦,1,3,,,3,,,
3,2026/08/19,-7,19:00,カンセキ,栃木,ブリオベッカ浦安・市川,試合終了,4,１回戦,2,0,,,4,,,
4,2026/08/19,-7,19:00,HATOスタ,滋賀,JAPANサッカーカレッジ,試合終了,5,１回戦,2,1,,,5,,,
5,2026/08/19,-7,18:30,鳴門大塚,ＦＣ徳島,川副クラブ,試合終了,6,１回戦,1,0,,,6,,,
6,2026/08/19,-7,19:00,ミクスタ,北九州,沖縄SV,試合終了,7,１回戦,1,2,,,7,0,1,
7,2026/08/19,-7,18:00,みよし陸,ベルガロッソいわみ,長崎国際大学,試合終了,8,１回戦,2,0,,,8,,,
8,2026/08/19,-7,17:00,紀三井寺,アルテリーヴォ和歌山,沼津,試合終了,9,１回戦,0,6,,,9,,,
9,2026/08/19,-7,19:00,いちご,ヴェロスクロノス都農,讃岐,試合終了,10,１回戦,3,1,,,10,2,0,
10,2026/08/19,-7,19:00,クラド,ヴェルスパ大分,高知,試合終了,11,１回戦,3,0,,,11,,,
11,2026/08/19,-7,19:00,Ｋｓスタ,流通経済大学,クリアソン新宿,試合終了,12,１回戦,1,2,,,12,0,1,
12,2026/08/19,-7,19:00,レモンＳ,専修大学,筑波大学,試合終了,13,１回戦,2,1,,,13,,,
13,2026/08/19,-7,19:00,とうスタ,福島,大山サッカークラブ,試合終了,14,１回戦,7,0,,,14,,,
14,2026/08/19,-7,19:00,石川西部,金沢星稜大学,京都産業大学,試合終了,15,１回戦,1,4,,,15,,,
15,2026/08/19,-7,19:00,ＪＩＴス,山梨学院大学,東京国際大学ＦＣ,試合終了,16,１回戦,1,0,,,16,,,
16,2026/08/19,-7,18:30,ヒマスタ,岐阜,富山新庄クラブ,試合終了,17,１回戦,3,1,,,17,,,
17,2026/08/19,-7,19:00,白波スタ,鹿児島,山口,試合終了,18,１回戦,2,1,,,18,,,
18,2026/08/19,-7,18:30,Ｅピース,ＳＲＣ広島,ＦＣマルヤス岡崎,試合終了,19,１回戦,1,6,,,19,,,
19,2026/08/19,-7,19:00,ロートＦ,奈良,FC大阪,試合終了,20,１回戦,1,4,,,20,,,
20,2026/08/19,-7,19:00,ニンスタ,愛媛,環太平洋大学,試合終了,21,１回戦,2,1,,,21,,,
21,2026/08/19,-7,18:30,いわスタ,盛岡,札幌大学,試合終了,22,１回戦,1,0,,,22,,,
22,2026/08/19,-7,19:00,サンアル,長野,福井ユナイテッドＦＣ,試合終了,23,１回戦,2,1,,,23,,,
23,2026/08/19,-7,18:00,カクスタ,ラインメール青森,秋田大学,試合終了,24,１回戦,15,0,,,24,,,
24,2026/08/26,-6,19:00,メルスタ,鹿島,アトレチコ鈴鹿,試合終了,25,２回戦,3,0,,,1,,,
25,2026/08/26,-6,19:00,プレド,札幌,甲府,試合終了,26,２回戦,1,3,,,2,,,
26,2026/08/26,-6,18:30,豊田Ｓ,名古屋,鳥取,試合終了,27,２回戦,1,3,,,3,,,
27,2026/08/26,-6,18:30,味フィ西,東京Ｖ,群馬,試合終了,28,２回戦,4,1,,,4,,,
28,2026/08/26,-6,19:00,Ｕ等々力,川崎Ｆ,栃木,試合終了,29,２回戦,3,1,,,5,,,
29,2026/08/26,-6,19:00,ヤマハ,磐田,宮崎,試合終了,30,２回戦,0,1,,,6,0,1,
30,2026/08/26,-6,19:00,パナスタ,Ｇ大阪,滋賀,試合終了,31,２回戦,2,0,,,7,,,
31,2026/08/26,-6,18:30,鳴門大塚,徳島,ＦＣ徳島,試合終了,32,２回戦,3,0,,,8,,,
32,2026/08/26,-6,18:30,福山,広島,沖縄SV,試合終了,33,２回戦,4,1,,,9,,,
33,2026/08/26,-6,19:00,ハワスタ,いわき,大分,試合終了,34,２回戦,2,0,,,10,2,0,
34,2026/08/26,-6,19:00,ＪＦＥス,岡山,ベルガロッソいわみ,試合終了,35,２回戦,3,0,,,11,,,
35,2026/08/26,-6,19:00,フクアリ,千葉,沼津,試合終了,36,２回戦,1,1,8,7,12,1,1,
36,2026/08/26,-6,19:00,ノエスタ,神戸,ヴェロスクロノス都農,試合終了,37,２回戦,2,1,,,13,,,
37,2026/08/26,-6,19:00,駅スタ,鳥栖,富山,試合終了,38,２回戦,4,0,,,14,,,
38,2026/08/26,-6,20:05,ベススタ,福岡,ヴェルスパ大分,試合終了,39,２回戦,0,0,5,4,15,0,0,
39,2026/08/26,-6,18:30,ニッパツ,横浜FC,クリアソン新宿,試合終了,40,２回戦,3,1,,,16,,,
40,2026/08/26,-6,19:00,三協Ｆ柏,柏,専修大学,試合終了,41,２回戦,2,1,,,17,,,
41,2026/08/26,-6,19:00,アシさと,今治,秋田,試合終了,42,２回戦,4,1,,,18,,,
42,2026/08/26,-6,19:00,日産ス,横浜FM,福島,試合終了,43,２回戦,1,0,,,19,,,
43,2026/08/26,-6,19:00,Ｋｓスタ,水戸,京都産業大学,試合終了,44,２回戦,0,2,,,20,,,
44,2026/08/26,-6,19:00,浦和駒場,浦和,山梨学院大学,試合終了,45,２回戦,3,0,,,21,,,
45,2026/08/26,-6,19:00,ＮＡＣＫ,大宮,八戸,試合終了,46,２回戦,2,0,,,22,,,
46,2026/08/26,-6,18:30,ハナサカ,Ｃ大阪,岐阜,試合終了,47,２回戦,3,1,,,23,,,
47,2026/08/26,-6,19:00,デンカＳ,新潟,鹿児島,試合終了,48,２回戦,0,4,,,24,,,
48,2026/08/26,-6,19:00,たけびし,京都,ＦＣマルヤス岡崎,試合終了,49,２回戦,1,0,,,25,,,
49,2026/08/26,-6,19:00,ＮＤスタ,山形,藤枝,試合終了,50,２回戦,3,5,,,26,0,2,
50,2026/08/26,-6,19:00,アイスタ,清水,FC大阪,試合終了,51,２回戦,2,1,,,27,1,0,
51,2026/08/26,-6,19:00,ピースタ,長崎,愛媛,試合終了,52,２回戦,3,2,,,28,,,
52,2026/08/26,-6,18:30,Ｇスタ,町田,盛岡,試合終了,53,２回戦,3,0,,,29,,,
53,2026/08/26,-6,19:00,ユアスタ,仙台,栃木Ｃ,試合終了,54,２回戦,1,2,,,30,,,
54,2026/08/26,-6,19:00,味スタ,FC東京,長野,試合終了,55,２回戦,6,0,,,31,,,
55,2026/08/26,-6,19:00,レモンＳ,湘南,ラインメール青森,試合終了,56,２回戦,1,0,,,32,,,
56,2026/09/23,-5,17:00,メルスタ,鹿島,甲府,試合終了,57,３回戦,3,1,,,1,,,
57,2026/10/07,-5,19:00,味スタ,鳥取,東京Ｖ,試合終了,58,３回戦,0,0,3,4,7,0,0,
58,2026/10/07,-5,19:00,いちご,川崎Ｆ,宮崎,試合終了,59,３回戦,2,0,,,8,,,
59,2026/09/23,-5,17:00,パナスタ,Ｇ大阪,徳島,試合終了,60,３回戦,5,0,,,2,,,
60,2026/10/07,-5,18:30,ハワスタ,広島,いわき,試合終了,61,３回戦,4,0,,,9,,,
61,2026/10/07,-5,19:00,フクアリ,岡山,千葉,試合終了,62,３回戦,1,0,,,10,,,
62,2026/09/23,-5,17:00,ノエスタ,神戸,鳥栖,試合終了,63,３回戦,1,0,,,3,,,
63,2026/10/07,-5,18:30,ニッパツ,福岡,横浜FC,試合終了,64,３回戦,0,1,,,11,,,
64,2026/09/23,-5,17:00,三協Ｆ柏,柏,今治,試合終了,65,３回戦,4,0,,,4,,,
65,2026/10/07,-5,19:00,日産ス,横浜FM,京都産業大学,試合終了,66,３回戦,2,1,,,12,,,
66,2026/10/07,-5,18:00,ＮＡＣＫ,浦和,大宮,試合終了,67,３回戦,3,2,,,13,,,
67,2026/10/07,-5,18:30,ハナサカ,Ｃ大阪,鹿児島,試合終了,68,３回戦,2,0,,,14,,,
68,2026/09/23,-5,17:00,サンガＳ,京都,藤枝,試合終了,69,３回戦,1,0,,,5,,,
69,2026/10/07,-5,19:00,アイスタ,清水,長崎,試合終了,70,３回戦,2,1,,,15,1,0,
70,2026/09/23,-5,17:00,Ｇスタ,町田,栃木Ｃ,試合終了,71,３回戦,2,1,,,6,,,
71,2026/10/07,-5,19:00,レモンＳ,FC東京,湘南,試合終了,72,３回戦,4,0,,,16,,,
72,未定,-1,未定,未定,鹿島,東京Ｖ,,73,ラウンド16,,,,,1,,,
73,未定,-1,未定,未定,川崎Ｆ,Ｇ大阪,,74,ラウンド16,,,,,2,,,
74,未定,-1,未定,未定,広島,岡山,,75,ラウンド16,,,,,3,,,
75,未定,-1,未定,未定,神戸,横浜FC,,76,ラウンド16,,,,,4,,,
76,未定,-1,未定,未定,柏,横浜FM,,77,ラウンド16,,,,,5,,,
77,未定,-1,未定,未定,浦和,Ｃ大阪,,78,ラウンド16,,,,,6,,,
78,未定,-1,未定,未定,京都,清水,,79,ラウンド16,,,,,7,,,
79,未定,-1,未定,未定,町田,FC東京,,80,ラウンド16,,,,,8,,,
80,未定,-4,未定,未定,No.73の勝者,No.74の勝者,,81,準々決勝,,,,,1,,,
81,未定,-4,未定,未定,No.75の勝者,No.76の勝者,,82,準々決勝,,,,,2,,,
82,未定,-4,未定,未定,No.77の勝者,No.78の勝者,,83,準々決勝,,,,,3,,,
83,未定,-4,未定,未定,No.79の勝者,No.80の勝者,,84,準々決勝,,,,,4,,,
84,未定,-3,未定,未定,No.81の勝者,No.82の勝者,,85,準決勝,,,,,1,,,
85,未定,-3,未定,未定,No.83の勝者,No.84の勝者,,86,準決勝,,,,,2,,,
86,未定,-2,未定,未定,No.85の勝者,No.86の勝者,,87,決勝戦,,,,,1,,,
