,match_date,section_no,match_index_in_section,start_time,stadium,home_team,home_goal,away_goal,away_team,status
0,2026/08/22,1,1,18:03,相模原ギオンスタジアム,Ｎ相模原,1,0,EL埼玉,試合終了
1,2026/08/22,1,2,18:03,ノエビアスタジアム神戸,Ⅰ神戸,2,1,広島,試合終了
2,2026/08/22,1,3,19:34,ＮＡＣＫ５スタジアム大宮,大宮,0,1,浦和,試合終了
3,2026/08/23,1,4,18:00,ユアテックスタジアム仙台,マイ仙台,,,AC長野,ＶＳ
4,2026/08/23,1,5,18:00,味の素フィールド西が丘,東京NB,,,千葉Ｌ,ＶＳ
5,2026/08/23,1,6,18:00,YANMAR HANASAKA STADIUM,Ｃ大阪,,,新潟Ｌ,ＶＳ
6,2026/08/29,2,1,18:00,長野Ｕスタジアム,AC長野,,,東京NB,ＶＳ
7,2026/08/29,2,2,19:00,エディオンピースウイング広島,広島,,,大宮,ＶＳ
8,2026/08/30,2,3,18:00,浦和駒場スタジアム,浦和,,,Ｎ相模原,ＶＳ
9,2026/08/30,2,4,18:00,熊谷スポーツ文化公園陸上競技場,EL埼玉,,,Ⅰ神戸,ＶＳ
10,2026/08/30,2,5,18:00,フクダ電子アリーナ,千葉Ｌ,,,Ｃ大阪,ＶＳ
11,2026/08/30,2,6,18:00,デンカビッグスワンスタジアム,新潟Ｌ,,,マイ仙台,ＶＳ
12,2026/09/02,7,1,19:00,ノエビアスタジアム神戸,Ⅰ神戸,,,AC長野,ＶＳ
13,2026/09/05,3,1,18:00,浦和駒場スタジアム,浦和,,,東京NB,ＶＳ
14,2026/09/05,3,2,18:00,ＮＡＣＫ５スタジアム大宮,大宮,,,新潟Ｌ,ＶＳ
15,2026/09/05,3,3,18:00,熊谷スポーツ文化公園陸上競技場,EL埼玉,,,AC長野,ＶＳ
16,2026/09/05,3,4,18:00,フクダ電子アリーナ,千葉Ｌ,,,マイ仙台,ＶＳ
17,2026/09/05,3,5,18:00,YANMAR HANASAKA STADIUM,Ｃ大阪,,,広島,ＶＳ
18,2026/09/06,3,6,17:00,相模原ギオンスタジアム,Ｎ相模原,,,Ⅰ神戸,ＶＳ
19,2026/10/17,4,1,13:00,デンカビッグスワンスタジアム,新潟Ｌ,,,AC長野,ＶＳ
20,2026/10/18,4,2,13:00,ＮＡＣＫ５スタジアム大宮,大宮,,,EL埼玉,ＶＳ
21,2026/10/18,4,3,13:00,フクダ電子アリーナ,千葉Ｌ,,,浦和,ＶＳ
22,2026/10/18,4,4,14:00,ユアテックスタジアム仙台,マイ仙台,,,Ⅰ神戸,ＶＳ
23,2026/10/18,4,5,14:00,YANMAR HANASAKA STADIUM,Ｃ大阪,,,Ｎ相模原,ＶＳ
24,2026/10/18,4,6,14:00,エディオンピースウイング広島,広島,,,東京NB,ＶＳ
25,2026/10/21,5,1,12:00,ノエビアスタジアム神戸,Ⅰ神戸,,,千葉Ｌ,ＶＳ
26,2026/10/21,5,2,13:00,川越運動公園陸上競技場,EL埼玉,,,マイ仙台,ＶＳ
27,2026/10/21,5,3,18:30,相模原ギオンスタジアム,Ｎ相模原,,,新潟Ｌ,ＶＳ
28,2026/10/24,6,1,12:00,ＡＧＦフィールド,東京NB,,,EL埼玉,ＶＳ
29,2026/10/24,6,2,13:00,新潟市陸上競技場,新潟Ｌ,,,千葉Ｌ,ＶＳ
30,2026/10/24,6,3,14:00,ユアテックスタジアム仙台,マイ仙台,,,Ｎ相模原,ＶＳ
31,2026/10/24,6,4,14:00,浦和駒場スタジアム,浦和,,,Ⅰ神戸,ＶＳ
32,2026/10/25,6,5,13:00,ＮＡＣＫ５スタジアム大宮,大宮,,,Ｃ大阪,ＶＳ
33,2026/10/25,6,6,14:00,エディオンピースウイング広島,広島,,,AC長野,ＶＳ
34,2026/10/28,5,4,18:00,味の素フィールド西が丘,東京NB,,,Ｃ大阪,ＶＳ
35,2026/10/28,5,5,19:00,浦和駒場スタジアム,浦和,,,広島,ＶＳ
36,2026/10/28,5,6,19:00,長野Ｕスタジアム,AC長野,,,大宮,ＶＳ
37,2026/10/31,7,2,13:00,フクダ電子アリーナ,千葉Ｌ,,,Ｎ相模原,ＶＳ
38,2026/10/31,7,3,15:00,味の素フィールド西が丘,東京NB,,,大宮,ＶＳ
39,2026/11/01,7,4,13:00,デンカビッグスワンスタジアム,新潟Ｌ,,,浦和,ＶＳ
40,2026/11/01,7,5,13:00,YANMAR HANASAKA STADIUM,Ｃ大阪,,,EL埼玉,ＶＳ
41,2026/11/01,7,6,14:00,エディオンピースウイング広島,広島,,,マイ仙台,ＶＳ
42,2026/11/07,8,1,14:00,ユアテックスタジアム仙台,マイ仙台,,,浦和,ＶＳ
43,2026/11/07,8,2,14:00,相模原ギオンスタジアム,Ｎ相模原,,,東京NB,ＶＳ
44,2026/11/07,8,3,14:00,長野Ｕスタジアム,AC長野,,,Ｃ大阪,ＶＳ
45,2026/11/07,8,4,,,EL埼玉,,,広島,ＶＳ
46,2026/11/08,8,5,12:30,フクダ電子アリーナ,千葉Ｌ,,,大宮,ＶＳ
47,2026/11/14,9,1,14:00,長野Ｕスタジアム,AC長野,,,Ｎ相模原,ＶＳ
48,2026/11/14,9,2,14:00,エディオンピースウイング広島,広島,,,千葉Ｌ,ＶＳ
49,2026/11/14,9,3,15:00,味の素フィールド西が丘,東京NB,,,新潟Ｌ,ＶＳ
50,2026/11/14,9,4,,,浦和,,,EL埼玉,ＶＳ
51,2026/11/14,9,5,,,大宮,,,マイ仙台,ＶＳ
52,2026/11/15,9,6,17:00,ノエビアスタジアム神戸,Ⅰ神戸,,,Ｃ大阪,ＶＳ
53,2026/11/18,10,1,13:00,フクダ電子アリーナ,千葉Ｌ,,,AC長野,ＶＳ
54,2026/11/18,10,2,14:00,キューアンドエースタジアムみやぎ,マイ仙台,,,東京NB,ＶＳ
55,2026/11/18,10,3,18:30,YANMAR HANASAKA STADIUM,Ｃ大阪,,,浦和,ＶＳ
56,2026/11/18,10,4,19:00,エディオンピースウイング広島,広島,,,Ｎ相模原,ＶＳ
57,2026/11/18,10,5,,新発田市五十公野陸上競技場,新潟Ｌ,,,EL埼玉,ＶＳ
58,2026/11/19,10,6,18:00,ＮＡＣＫ５スタジアム大宮,大宮,,,Ⅰ神戸,ＶＳ
59,2026/11/21,11,1,14:00,ユアテックスタジアム仙台,マイ仙台,,,Ｃ大阪,ＶＳ
60,2026/11/21,11,2,,,EL埼玉,,,千葉Ｌ,ＶＳ
61,2026/11/23,11,3,13:00,相模原ギオンスタジアム,Ｎ相模原,,,大宮,ＶＳ
62,2026/11/23,11,4,13:00,デンカビッグスワンスタジアム,新潟Ｌ,,,広島,ＶＳ
63,2026/11/23,11,5,14:00,長野Ｕスタジアム,AC長野,,,浦和,ＶＳ
64,2026/11/23,11,6,15:00,味の素フィールド西が丘,東京NB,,,Ⅰ神戸,ＶＳ
65,2026/12/09,8,6,12:00,三木総合防災公園陸上競技場,Ⅰ神戸,,,新潟Ｌ,ＶＳ
66,2027/02/06,12,1,,,EL埼玉,,,新潟Ｌ,ＶＳ
67,2027/02/06,12,2,,,千葉Ｌ,,,東京NB,ＶＳ
68,2027/02/06,12,3,,,Ｎ相模原,,,マイ仙台,ＶＳ
69,2027/02/06,12,4,,,Ｃ大阪,,,AC長野,ＶＳ
70,2027/02/06,12,5,,,Ⅰ神戸,,,大宮,ＶＳ
71,2027/02/06,12,6,,,広島,,,浦和,ＶＳ
72,2027/02/13,13,1,,,大宮,,,Ｎ相模原,ＶＳ
73,2027/02/13,13,2,,,EL埼玉,,,浦和,ＶＳ
74,2027/02/13,13,3,,,千葉Ｌ,,,新潟Ｌ,ＶＳ
75,2027/02/13,13,4,,,東京NB,,,AC長野,ＶＳ
76,2027/02/13,13,5,,,Ⅰ神戸,,,マイ仙台,ＶＳ
77,2027/02/13,13,6,,,広島,,,Ｃ大阪,ＶＳ
78,2027/02/20,14,1,,,マイ仙台,,,千葉Ｌ,ＶＳ
79,2027/02/20,14,2,,,浦和,,,新潟Ｌ,ＶＳ
80,2027/02/20,14,3,,,大宮,,,広島,ＶＳ
81,2027/02/20,14,4,,,EL埼玉,,,東京NB,ＶＳ
82,2027/02/20,14,5,,,Ｎ相模原,,,AC長野,ＶＳ
83,2027/02/20,14,6,,,Ｃ大阪,,,Ⅰ神戸,ＶＳ
84,2027/03/13,15,1,,,大宮,,,千葉Ｌ,ＶＳ
85,2027/03/13,15,2,,,EL埼玉,,,Ｎ相模原,ＶＳ
86,2027/03/13,15,3,,,東京NB,,,浦和,ＶＳ
87,2027/03/13,15,4,,,AC長野,,,Ⅰ神戸,ＶＳ
88,2027/03/13,15,5,,,Ｃ大阪,,,マイ仙台,ＶＳ
89,2027/03/13,15,6,,,広島,,,新潟Ｌ,ＶＳ
90,2027/03/20,16,1,,,マイ仙台,,,広島,ＶＳ
91,2027/03/20,16,2,,,浦和,,,千葉Ｌ,ＶＳ
92,2027/03/20,16,3,,,Ｎ相模原,,,Ｃ大阪,ＶＳ
93,2027/03/20,16,4,,,AC長野,,,EL埼玉,ＶＳ
94,2027/03/20,16,5,,,新潟Ｌ,,,大宮,ＶＳ
95,2027/03/20,16,6,,,Ⅰ神戸,,,東京NB,ＶＳ
96,2027/03/27,17,1,,,マイ仙台,,,新潟Ｌ,ＶＳ
97,2027/03/27,17,2,,,大宮,,,AC長野,ＶＳ
98,2027/03/27,17,3,,,千葉Ｌ,,,広島,ＶＳ
99,2027/03/27,17,4,,,Ｎ相模原,,,浦和,ＶＳ
100,2027/03/27,17,5,,,Ｃ大阪,,,東京NB,ＶＳ
101,2027/03/27,17,6,,,Ⅰ神戸,,,EL埼玉,ＶＳ
102,2027/04/03,18,1,,,浦和,,,Ｃ大阪,ＶＳ
103,2027/04/03,18,2,,,EL埼玉,,,大宮,ＶＳ
104,2027/04/03,18,3,,,東京NB,,,マイ仙台,ＶＳ
105,2027/04/03,18,4,,,AC長野,,,千葉Ｌ,ＶＳ
106,2027/04/03,18,5,,,新潟Ｌ,,,Ｎ相模原,ＶＳ
107,2027/04/03,18,6,,,広島,,,Ⅰ神戸,ＶＳ
108,2027/04/10,19,1,,,浦和,,,マイ仙台,ＶＳ
109,2027/04/10,19,2,,,千葉Ｌ,,,EL埼玉,ＶＳ
110,2027/04/10,19,3,,,AC長野,,,広島,ＶＳ
111,2027/04/10,19,4,,,新潟Ｌ,,,東京NB,ＶＳ
112,2027/04/10,19,5,,,Ｃ大阪,,,大宮,ＶＳ
113,2027/04/10,19,6,,,Ⅰ神戸,,,Ｎ相模原,ＶＳ
114,2027/04/29,20,1,,,マイ仙台,,,EL埼玉,ＶＳ
115,2027/04/29,20,2,,,浦和,,,AC長野,ＶＳ
116,2027/04/29,20,3,,,大宮,,,東京NB,ＶＳ
117,2027/04/29,20,4,,,Ｎ相模原,,,広島,ＶＳ
118,2027/04/29,20,5,,,新潟Ｌ,,,Ⅰ神戸,ＶＳ
119,2027/04/29,20,6,,,Ｃ大阪,,,千葉Ｌ,ＶＳ
120,2027/05/09,21,1,,,マイ仙台,,,大宮,ＶＳ
121,2027/05/09,21,2,,,EL埼玉,,,Ｃ大阪,ＶＳ
122,2027/05/09,21,3,,,東京NB,,,広島,ＶＳ
123,2027/05/09,21,4,,,Ｎ相模原,,,千葉Ｌ,ＶＳ
124,2027/05/09,21,5,,,AC長野,,,新潟Ｌ,ＶＳ
125,2027/05/09,21,6,,,Ⅰ神戸,,,浦和,ＶＳ
126,2027/05/15,22,1,,,浦和,,,大宮,ＶＳ
127,2027/05/15,22,2,,,千葉Ｌ,,,Ⅰ神戸,ＶＳ
128,2027/05/15,22,3,,,東京NB,,,Ｎ相模原,ＶＳ
129,2027/05/15,22,4,,,AC長野,,,マイ仙台,ＶＳ
130,2027/05/15,22,5,,,新潟Ｌ,,,Ｃ大阪,ＶＳ
131,2027/05/15,22,6,,,広島,,,EL埼玉,ＶＳ
