,match_date,section_no,match_index_in_section,start_time,stadium,home_team,home_goal,away_goal,away_team,status,round,home_pk_score,away_pk_score,leg,match_number
0,2026/09/02,-4,1,18:33,プラスタ,八戸,0,2,栃木Ｃ,試合終了,1回戦,,,,1
1,2026/09/02,-4,2,18:33,ギオンス,相模原,0,3,磐田,試合終了,1回戦,,,,13
2,2026/09/02,-4,3,19:03,たけびし,FC大阪,3,0,甲府,試合終了,1回戦,,,,14
3,2026/09/02,-4,4,19:03,いちご,宮崎,1,2,富山,試合終了,1回戦,,,,6
4,2026/09/02,-4,5,19:03,えがおＳ,熊本,2,0,大分,試合終了,1回戦,,,,11
5,2026/09/02,-4,6,19:03,沖縄県陸,琉球,2,3,横浜FC,試合終了,1回戦,,,,7
6,2026/09/02,-4,7,19:03,みらスタ,山口,0,2,藤枝,試合終了,1回戦,,,,17
7,2026/09/02,-4,8,19:03,ロートＦ,奈良,1,2,鳥栖,試合終了,1回戦,,,,16
8,2026/09/02,-4,9,19:03,ミクスタ,北九州,1,0,いわき,試合終了,1回戦,,,,10
9,2026/09/02,-4,10,19:03,正田スタ,群馬,1,2,新潟,試合終了,1回戦,,,,3
10,2026/09/02,-4,11,19:03,白波スタ,鹿児島,0,1,札幌,試合終了,1回戦,,,,9
11,2026/09/02,-4,12,19:03,ヒマスタ,岐阜,0,0,徳島,試合終了,1回戦,3,1,,8
12,2026/09/02,-4,13,19:03,ニンスタ,愛媛,1,0,秋田,試合終了,1回戦,,,,20
13,2026/09/02,-4,14,19:03,石川西部,金沢,2,1,今治,試合終了,1回戦,,,,4
14,2026/09/02,-4,15,19:04,Ａｘｉｓ,鳥取,3,1,大宮,試合終了,1回戦,,,,19
15,2026/09/09,-4,16,18:33,ハトスタ,滋賀,0,1,東京Ｖ,試合終了,1回戦,,,,15
16,2026/09/09,-4,17,19:03,カンセキ,栃木SC,0,1,山形,試合終了,1回戦,,,,5
17,2026/09/09,-4,18,19:03,ギケンス,高知,0,1,長崎,試合終了,1回戦,,,,18
18,2026/09/09,-4,19,19:03,とうスタ,福島,4,3,仙台,試合終了,1回戦,,,,22
19,2026/09/09,-4,20,19:03,長野Ｕ,長野,0,0,水戸,試合終了,1回戦,1,4,,21
20,2026/09/09,-4,21,19:03,メグスタ,讃岐,0,2,千葉,試合終了,1回戦,,,,12
21,2026/09/09,-4,22,19:03,サンアル,松本,3,3,湘南,試合終了,1回戦,4,3,,2
0,2026/09/29,-3,1,19:03,とうスタ,福島,0,7,水戸,試合終了,2回戦,,,,38
1,2026/09/29,-3,2,19:03,サンアル,松本,1,0,新潟,試合終了,2回戦,,,,24
2,2026/09/29,-3,3,19:03,ヤマハ,磐田,4,2,千葉,試合終了,2回戦,,,,32
3,2026/09/29,-3,4,19:03,えがおＳ,熊本,0,1,川崎Ｆ,試合終了,2回戦,,,,31
4,2026/09/29,-3,5,19:03,みらスタ,FC大阪,1,2,福岡,試合終了,2回戦,,,,33
5,2026/09/29,-3,6,19:03,ＣＦＳ,栃木Ｃ,0,2,広島,試合終了,2回戦,,,,23
6,2026/09/29,-3,7,19:03,富山,富山,2,3,浦和,試合終了,2回戦,,,,27
7,2026/09/29,-3,8,19:03,Ａｘｉｓ,鳥取,2,0,長崎,試合終了,2回戦,,,,36
8,2026/09/29,-3,9,19:03,駅スタ,鳥栖,2,1,東京Ｖ,試合終了,2回戦,,,,34
9,2026/09/29,-3,10,19:03,プレド,札幌,1,2,岡山,試合終了,2回戦,,,,29
10,2026/09/29,-3,11,19:03,ミクスタ,北九州,1,3,名古屋,試合終了,2回戦,,,,30
11,2026/09/29,-3,12,19:03,ニンスタ,愛媛,0,2,FC東京,試合終了,2回戦,,,,37
12,2026/09/29,-3,13,19:03,ＮＤスタ,山形,1,2,横浜FM,試合終了,2回戦,,,,26
13,2026/09/29,-3,14,19:03,ヒマスタ,岐阜,1,2,横浜FC,試合終了,2回戦,,,,28
14,2026/09/29,-3,15,19:03,藤枝サ,藤枝,1,2,Ｃ大阪,試合終了,2回戦,,,,35
15,2026/09/29,-3,16,19:04,ゴースタ,金沢,0,2,清水,試合終了,2回戦,,,,25
0,2026/10/03,-1,1,16:03,Ｇスタ,町田,0,0,京都,試合終了,4回戦,5,3,,51
1,2026/10/03,-1,2,19:03,三協Ｆ柏,柏,5,4,Ｇ大阪,試合終了,4回戦,,,,52
2,2026/10/28,-1,3,,●未定●,No.39の勝者,,,No.40の勝者,ＶＳ,4回戦,,,,47
3,2026/10/28,-1,4,,●未定●,No.41の勝者,,,No.42の勝者,ＶＳ,4回戦,,,,48
4,2026/10/28,-1,5,,●未定●,No.43の勝者,,,No.44の勝者,ＶＳ,4回戦,,,,49
5,2026/10/28,-1,6,,●未定●,No.45の勝者,,,No.46の勝者,ＶＳ,4回戦,,,,50
0,2026/10/14,-2,1,18:30,ニッパツ,横浜FC,,,浦和,ＶＳ,3回戦,,,,41
1,2026/10/14,-2,2,19:00,Ｋｓスタ,水戸,,,FC東京,ＶＳ,3回戦,,,,46
2,2026/10/14,-2,3,19:00,日産ス,横浜FM,,,清水,ＶＳ,3回戦,,,,40
3,2026/10/14,-2,4,19:00,サンアル,松本,,,広島,ＶＳ,3回戦,,,,39
4,2026/10/14,-2,5,19:00,ヤマハ,磐田,,,川崎Ｆ,ＶＳ,3回戦,,,,43
5,2026/10/14,-2,6,19:00,ヒマスタ,名古屋,,,岡山,ＶＳ,3回戦,,,,42
6,2026/10/14,-2,7,19:00,Ａｘｉｓ,鳥取,,,Ｃ大阪,ＶＳ,3回戦,,,,45
7,2026/10/14,-2,8,19:00,駅スタ,鳥栖,,,福岡,ＶＳ,3回戦,,,,44
